name.firstName,name.lastName,age,address.line1,address.line2,address.city,address.state,gender,company.name,company.position.title
John,Hanna,20,7711 Foster Track,Suite 906,Nicoleborough,Virginia,male,Strickland-Juarez,Hospital pharmacist
Karen,Thomas,52,35317 Paul Mission Suite 802,Apt. 589,Nicholastown,Texas,non-binary,Walker-Baker,"Administrator, Civil Service"
Christopher,Fernandez,52,4727 Gray Harbor,Suite 194,Wrightport,Missouri,non-binary,Collins-Torres,"Scientist, research (maths)"
Kelly,Foster,60,82849 Joseph Plaza,Apt. 661,Gregoryburgh,Alaska,non-binary,Matthews-Thompson,Media planner
Yolanda,Cox,56,2338 Stephen Fords,Suite 808,South Sethhaven,South Dakota,non-binary,Mcdowell PLC,"Administrator, charities/voluntary organisations"
Steven,Dixon,41,59080 Peterson Vista,Suite 693,Lake Davidmouth,Florida,non-binary,Brown LLC,Clinical psychologist
Seth,Wilson,20,1870 Taylor Brooks,Suite 527,Johntown,Alaska,non-binary,Mills and Sons,Recycling officer
Mark,House,18,1372 Sims Orchard Suite 476,Suite 866,West Ryan,Virginia,non-binary,"Klein, Parker and Smith",Adult nurse
Rachel,Rodriguez,21,814 Haley Corner Apt. 423,Suite 847,Beltrantown,Iowa,non-binary,"Davis, Hall and Alexander",Biomedical engineer
Michael,Moreno,37,143 Lopez Parks,Apt. 496,Johnmouth,Nebraska,male,Leon and Sons,Theme park manager
Stephen,Miller,20,19605 Garrison Crossroad Suite 755,Suite 277,North John,Kentucky,male,Smith-Delacruz,Multimedia specialist
Shawn,Miles,36,409 Veronica Course Apt. 712,Suite 892,East Brandon,Oregon,female,"Rowe, Garcia and Smith",Water quality scientist
Benjamin,Anderson,26,0667 Fisher Islands,Apt. 714,Garciastad,Tennessee,male,Vaughn-Howard,Counsellor
Ryan,Watkins,43,2348 Susan Flats Suite 416,Apt. 872,New Ashley,Kansas,non-binary,"Ferrell, Rodriguez and Harper",Teaching laboratory technician
Shannon,Brown,28,992 Justin Route,Apt. 123,Port Jose,Wisconsin,male,Moore-Winters,Horticultural consultant
Michael,Wong,63,581 Peter Summit,Apt. 130,Butlerville,Florida,female,Carr-Cook,"Clinical scientist, histocompatibility and immunogenetics"
Michael,Estrada,34,57503 Andrews Lakes Apt. 742,Suite 648,West Timothyburgh,North Dakota,female,Thomas-Wang,Travel agency manager
Gerald,Martin,37,85431 Lisa Locks Apt. 496,Suite 405,Millerberg,Kansas,female,Middleton Ltd,Politician's assistant
Molly,Williams,62,906 Nunez Fort Apt. 986,Suite 308,Amandaberg,South Dakota,female,Green and Sons,Retail banker
Ryan,Anderson,39,81439 Chen Ford,Suite 666,Ramseyland,Indiana,non-binary,"Delgado, Weber and Robbins","Scientist, research (medical)"
Robert,Phillips,30,770 Morgan Rapid Suite 144,Apt. 234,West Nicholasfort,Montana,female,Austin Group,Architect
Sarah,Singh,40,634 Miller Parkway,Suite 816,Christinafort,Nebraska,female,"Lawson, Schneider and Fox",Actuary
Adam,Gates,43,450 Mills Corners Apt. 119,Suite 211,Suzanneton,Michigan,female,"Holland, Ortega and Cruz",Academic librarian
Derek,Gonzalez,69,333 Joseph Mountain Suite 083,Apt. 019,Garyborough,Massachusetts,female,Cohen Inc,Meteorologist
Daniel,Green,43,56461 Green Fall Apt. 235,Apt. 273,Juanville,Nebraska,non-binary,"Cervantes, Long and Richardson",Furniture designer
Richard,Gay,70,4799 Watkins Loop,Suite 701,Brettton,Florida,male,Jefferson PLC,Medical technical officer
Jeremy,Phillips,39,233 Pamela Forge Apt. 943,Apt. 805,West Patriciafurt,Pennsylvania,male,"Anderson, Martin and Cook","Conservation officer, historic buildings"
Patricia,Campbell,45,336 Smith Mill,Apt. 013,Derekfurt,Delaware,female,"Stewart, Clark and Graham",Banker
Joshua,Cooper,21,129 Logan Way Suite 044,Apt. 782,East Aliciachester,New Mexico,non-binary,Mack Ltd,Operations geologist
Sharon,Cortez,23,242 King Expressway Suite 695,Apt. 779,West Ryan,Virginia,male,"Thomas, Lee and Allen",Furniture designer
Jeffrey,Lee,64,428 Brady Prairie Suite 108,Suite 860,Lisahaven,Missouri,male,"Rice, Smith and Stephens",Estate agent
Kenneth,Williams,49,8003 Leslie Station Apt. 112,Suite 758,Lake Lauraton,Indiana,male,"Harrison, Davis and Chase","Designer, textile"
Kelsey,Dyer,70,586 Wilkins Trace Suite 895,Suite 998,North Chelsea,Idaho,female,"Patel, Arias and Tran",Mental health nurse
Gary,Andrews,41,87397 Samuel Radial,Suite 159,Johnsonview,West Virginia,male,Ferguson Group,Historic buildings inspector/conservation officer
Rachel,Morse,19,9671 Anthony Island Suite 044,Suite 469,North Patriciamouth,New Hampshire,female,"Woods, Reed and Christensen",Garment/textile technologist
Bryan,Smith,69,63008 Alexander Vista Apt. 553,Apt. 811,Lake Susanfurt,South Dakota,male,Gutierrez-Peters,Merchant navy officer
Andrew,Smith,59,725 Duke Field,Apt. 821,Port Barbara,Montana,non-binary,Bailey-Barrett,Metallurgist
Frederick,Cardenas,18,573 Henry Shores,Apt. 053,Calebport,Oregon,male,"Dean, Jones and Andrews",Control and instrumentation engineer
Michelle,Wolf,59,62990 Perry Parkways,Apt. 026,Carrilloberg,Maine,male,Riley LLC,Retail banker
David,Taylor,48,160 Melanie Causeway,Apt. 089,North Bryan,South Carolina,male,"Edwards, Baker and Williams",Maintenance engineer
Betty,Wagner,33,251 William Trail,Suite 585,Maryview,Connecticut,non-binary,"Reese, Richards and Lee","Scientist, product/process development"
James,Morrow,63,80649 Natalie Stream Apt. 456,Apt. 395,Andersonhaven,Maryland,non-binary,Young-Pena,Armed forces technical officer
Gregory,Marquez,23,056 Lewis Burg Suite 475,Apt. 573,East Rebekah,Wyoming,female,Franklin-Reese,"Programmer, applications"
Thomas,Arellano,41,693 Martin Centers Apt. 839,Apt. 819,New Johnfurt,South Carolina,non-binary,Tyler-George,"Psychologist, occupational"
Ashley,Richmond,27,5282 Larry Island,Suite 244,East Zacharyville,New Hampshire,male,"Pennington, Beck and Cox",Architect
Patricia,Ayers,63,08222 Schaefer Centers Suite 531,Suite 694,West Scottstad,Florida,male,Cortez-Adkins,Hydrologist
Jo,Gardner,56,990 White Cliff,Apt. 582,Sotoburgh,South Dakota,non-binary,Beck and Sons,Television/film/video producer
Ashley,Colon,62,335 Destiny Isle,Apt. 955,Martineztown,Nevada,non-binary,Robertson PLC,Forensic scientist
Gregory,Lewis,66,318 Rhonda Lodge,Apt. 873,South Markland,Arizona,non-binary,Cummings Ltd,Chief of Staff
Lisa,Conner,60,9506 Richard Centers,Suite 932,West Kimberly,Minnesota,male,Golden-Johnson,Firefighter
Elizabeth,Smith,34,4569 Stephen Underpass,Suite 346,West Samantha,Michigan,non-binary,Smith Group,Medical physicist
Candace,Tucker,49,123 Ernest Rapid,Suite 768,Hunterville,Nebraska,female,Austin-Dawson,Cabin crew
Alan,Herman,40,148 Jeffery Turnpike Apt. 785,Apt. 092,North Johnton,Maine,non-binary,Ramirez-Hoffman,Chartered loss adjuster
Matthew,Buchanan,68,466 Tara Streets Apt. 641,Apt. 579,Millerhaven,Michigan,non-binary,"Armstrong, Orr and Lane",Publishing rights manager
Kimberly,Holden,32,396 Craig Mill Apt. 076,Apt. 686,Hunterhaven,Maryland,female,Riley-Butler,Environmental health practitioner
Jeremiah,Johnson,45,3008 Scott Hill,Apt. 026,Georgeborough,Michigan,female,Hodges Ltd,"Merchandiser, retail"
Anthony,Berg,55,21038 Ronald Via,Suite 728,Davidborough,Rhode Island,male,Little PLC,"Therapist, nutritional"
Dana,Whitney,25,7720 Smith Springs,Apt. 076,Lake John,New Hampshire,male,Wong-Barber,Quality manager
Haley,Dunn,21,8566 Juan Dam Suite 149,Apt. 978,New Jacob,Tennessee,male,"Martinez, Reed and Lee",Museum/gallery conservator
Lisa,Nielsen,62,1014 Harris Harbor Suite 388,Apt. 589,New Amandachester,Nebraska,male,Miller and Sons,Patent attorney
Tony,Atkinson,19,304 Baker Highway,Suite 727,Davidchester,Mississippi,male,Bell Inc,Race relations officer
Abigail,Carlson,62,55218 Jose Harbor,Apt. 040,North Deannamouth,South Carolina,non-binary,Harrison PLC,"Civil engineer, consulting"
Travis,Keith,47,8462 Rodney Route Suite 720,Suite 047,East Johnnystad,New York,female,Krause-Brennan,Commissioning editor
Marcus,Jackson,29,08235 Jessica Key Apt. 397,Apt. 289,East Taylorfurt,Indiana,female,Davis and Sons,Equities trader
Jared,Taylor,18,34802 Debra Burg,Apt. 035,South Kristina,Indiana,female,"Mcdaniel, Brown and Williams",Homeopath
Anthony,Smith,51,4208 Rachel Lock,Apt. 535,Sanchezhaven,Colorado,non-binary,Ryan-Cortez,Travel agency manager
Charles,Clark,46,0818 Richard Mountain,Suite 519,Michaelshire,Missouri,non-binary,Gray-Gaines,"Teacher, primary school"
Robert,Bush,56,835 Susan Ridge Suite 859,Suite 368,Johnsonmouth,Indiana,male,Anderson-Nelson,"Psychologist, educational"
Lisa,House,52,8188 Jessica Underpass,Suite 151,Justinport,California,non-binary,Ryan and Sons,"Programmer, systems"
John,Harrison,27,90828 Branch Hills Apt. 352,Apt. 280,Murphyport,Indiana,male,"Davis, Meyer and Mata",Translator
Alicia,Gallagher,34,013 Christopher Groves Apt. 294,Apt. 161,Christopherbury,North Carolina,female,West-Thompson,"Clinical scientist, histocompatibility and immunogenetics"
Carmen,Hicks,70,2967 Young Field,Apt. 857,Brownfort,Illinois,non-binary,"Rodriguez, Williams and Dickson",Secondary school teacher
Michael,Nelson,37,715 Nichols Wall,Suite 840,North Bryanbury,Minnesota,male,Miller PLC,"Merchandiser, retail"
Richard,Snyder,35,88594 King Points Apt. 612,Apt. 186,Port Lauramouth,Pennsylvania,non-binary,"Lewis, Jacobs and Baker",Games developer
Alvin,Morgan,57,3490 Rodney Falls Suite 036,Suite 047,Kristinhaven,Virginia,female,Graham-Bell,Environmental manager
Jesse,Washington,38,4439 Watkins Drive Apt. 907,Suite 402,Lake Samuelland,Mississippi,male,Sanders-Perez,Dentist
Amber,Brown,35,36723 Mayo Island Apt. 356,Apt. 743,Jasonberg,Nebraska,non-binary,Jenkins PLC,Technical author
April,Bailey,62,863 Elizabeth Canyon Apt. 599,Suite 433,Port Tinaville,Louisiana,non-binary,Foley-Baker,Waste management officer
Ryan,Palmer,60,37466 Roth Ferry Apt. 635,Apt. 774,Port James,Idaho,non-binary,Gomez Ltd,Adult nurse
Steven,French,32,486 Henderson Drives,Apt. 882,Smithmouth,South Carolina,male,Brewer Inc,"Programmer, systems"
Jimmy,Bradley,60,50847 Ramirez Groves Suite 714,Suite 006,Flynnville,Delaware,female,Mitchell-Medina,Newspaper journalist
Jennifer,Vega,25,758 Simon Lodge,Apt. 674,North Amberville,Utah,non-binary,Henderson-Browning,"Designer, blown glass/stained glass"
Marissa,Booker,36,2524 Brandon Island Suite 396,Apt. 943,South Lauren,Michigan,non-binary,Bryant and Sons,Secondary school teacher
Lauren,Gibson,24,69871 Shaw Junctions Apt. 307,Apt. 616,Michaelport,Georgia,female,Lewis-Miller,"Scientist, product/process development"
Danny,Perez,56,04467 Campbell Parks Apt. 827,Apt. 178,Codyton,Rhode Island,non-binary,Mullen LLC,"Therapist, drama"
Michael,Chapman,55,751 Debbie Forges Apt. 238,Suite 295,North Jimmyburgh,Texas,male,Bush Inc,Nature conservation officer
Kyle,Day,45,56597 Johnson Lodge,Apt. 226,South Sandraberg,Rhode Island,male,Macias-Sanders,"Therapist, occupational"
Janice,Smith,58,0808 Brenda Mills,Apt. 156,New Denniston,Maine,male,Robinson-Bradley,"Administrator, local government"
Patricia,Bradley,46,7068 Nguyen Crest,Apt. 659,Davisbury,Arkansas,male,Kim Group,Museum education officer
Destiny,Wood,59,742 Obrien Land,Apt. 763,Garciaberg,Connecticut,male,Gibson LLC,"Exhibitions officer, museum/gallery"
Laura,Young,30,813 White Station Apt. 047,Apt. 513,Port Markport,Vermont,male,"Nelson, Mcconnell and Wright","Surveyor, mining"
Matthew,Reeves,24,8486 Alisha Glens,Suite 545,West Susanview,West Virginia,female,"Stanley, Clark and Carlson",Medical technical officer
Erika,Oliver,20,2967 Emily Valleys,Suite 793,Tylerfurt,Colorado,non-binary,King-Riggs,Private music teacher
Brian,Bullock,26,007 Haley Field,Suite 154,Maddenchester,Louisiana,non-binary,Newman Inc,Homeopath
Aaron,Anderson,46,3393 Diaz Way,Suite 157,Franktown,Minnesota,male,White Inc,Local government officer
Ian,Munoz,59,74788 Thomas Bypass Suite 703,Apt. 851,Cervantesview,Arkansas,non-binary,Blackwell and Sons,Video editor
John,Munoz,49,7019 Lindsey Field,Apt. 619,Scottmouth,Kentucky,female,Lopez-Nguyen,Air traffic controller
Mitchell,Smith,37,2526 Clinton Plaza,Apt. 716,North Andrea,Vermont,female,Roberts-Griffin,Catering manager
Jeffery,Brown,41,835 Chen Drives,Suite 121,Villarrealmouth,Colorado,female,Walker Inc,Psychiatrist
Deanna,Crawford,24,376 Thompson Track Suite 209,Apt. 603,North Hannahberg,Texas,male,"Mendez, Walter and Wong","Accountant, chartered certified"
